<odoo>
    <data noupdate="0">#this used not change on this model install
        <record id="demo_project_team_record1" model="project.team">
            <field name="name">Odoo Trainee</field>
            <field name="team_leader">Parth Sir</field>
            <field name="active">True</field>
         </record>
        <record id="demo_project_team_record2" model="project.team">
            <field name="name">Odoo Developer</field>
            <field name="team_leader">Parth Sir</field>
            <field name="active">True</field>
         </record>
        <record id="demo_project_team_record3" model="project.team">
            <field name="name">Odoo Functional</field>
            <field name="team_leader">Parth Sir</field>
            <field name="active">True</field>
         </record>
        <record id="demo_project_team_record4" model="project.team">
            <field name="name">Odoo Sales/Marketing</field>
            <field name="team_leader">Parth Sir</field>
            <field name="active">True</field>
         </record>
        <record id="demo_project_team_record5" model="project.team">
            <field name="name">Odoo Functional/consulate</field>
            <field name="team_leader">Parth Sir</field>
            <field name="active">True</field>
         </record>
    </data>
</odoo>
